param_set,params,macro_mcc,model,representation
0,"{'C': 0.01, 'solver': 'liblinear', 'penalty': 'l1', 'class_weight': 'balanced', 'random_state': 33, 'max_iter': 5000}",0.4183324318399946,logistic_regression,morgan
1,"{'C': 0.01, 'solver': 'liblinear', 'penalty': 'l2', 'class_weight': 'balanced', 'random_state': 33, 'max_iter': 5000}",0.451606869579218,logistic_regression,morgan
2,"{'C': 0.01, 'solver': 'saga', 'penalty': 'l1', 'class_weight': 'balanced', 'random_state': 33, 'max_iter': 5000}",0.4256423828520252,logistic_regression,morgan
3,"{'C': 0.01, 'solver': 'saga', 'penalty': 'l2', 'class_weight': 'balanced', 'random_state': 33, 'max_iter': 5000}",0.4622493493639503,logistic_regression,morgan
4,"{'C': 0.1, 'solver': 'liblinear', 'penalty': 'l1', 'class_weight': 'balanced', 'random_state': 33, 'max_iter': 5000}",0.4455663285312624,logistic_regression,morgan
5,"{'C': 0.1, 'solver': 'liblinear', 'penalty': 'l2', 'class_weight': 'balanced', 'random_state': 33, 'max_iter': 5000}",0.4621452655996217,logistic_regression,morgan
6,"{'C': 0.1, 'solver': 'saga', 'penalty': 'l1', 'class_weight': 'balanced', 'random_state': 33, 'max_iter': 5000}",0.4492114271939816,logistic_regression,morgan
7,"{'C': 0.1, 'solver': 'saga', 'penalty': 'l2', 'class_weight': 'balanced', 'random_state': 33, 'max_iter': 5000}",0.4647838294380146,logistic_regression,morgan
8,"{'C': 1.0, 'solver': 'liblinear', 'penalty': 'l1', 'class_weight': 'balanced', 'random_state': 33, 'max_iter': 5000}",0.4357088504541113,logistic_regression,morgan
9,"{'C': 1.0, 'solver': 'liblinear', 'penalty': 'l2', 'class_weight': 'balanced', 'random_state': 33, 'max_iter': 5000}",0.4489522618195696,logistic_regression,morgan
10,"{'C': 1.0, 'solver': 'saga', 'penalty': 'l1', 'class_weight': 'balanced', 'random_state': 33, 'max_iter': 5000}",0.4542121776475593,logistic_regression,morgan
11,"{'C': 1.0, 'solver': 'saga', 'penalty': 'l2', 'class_weight': 'balanced', 'random_state': 33, 'max_iter': 5000}",0.4510702428381371,logistic_regression,morgan
12,"{'C': 10.0, 'solver': 'liblinear', 'penalty': 'l1', 'class_weight': 'balanced', 'random_state': 33, 'max_iter': 5000}",0.4068699268895281,logistic_regression,morgan
13,"{'C': 10.0, 'solver': 'liblinear', 'penalty': 'l2', 'class_weight': 'balanced', 'random_state': 33, 'max_iter': 5000}",0.4250613025185396,logistic_regression,morgan
14,"{'C': 10.0, 'solver': 'saga', 'penalty': 'l1', 'class_weight': 'balanced', 'random_state': 33, 'max_iter': 5000}",0.4502887239512695,logistic_regression,morgan
15,"{'C': 10.0, 'solver': 'saga', 'penalty': 'l2', 'class_weight': 'balanced', 'random_state': 33, 'max_iter': 5000}",0.4478232368867875,logistic_regression,morgan
0,"{'C': 0.01, 'solver': 'liblinear', 'penalty': 'l1', 'class_weight': 'balanced', 'random_state': 33, 'max_iter': 5000}",0.4395338788644335,logistic_regression,MolE
1,"{'C': 0.01, 'solver': 'liblinear', 'penalty': 'l2', 'class_weight': 'balanced', 'random_state': 33, 'max_iter': 5000}",0.4049828215370754,logistic_regression,MolE
2,"{'C': 0.01, 'solver': 'saga', 'penalty': 'l1', 'class_weight': 'balanced', 'random_state': 33, 'max_iter': 5000}",0.4430362007869648,logistic_regression,MolE
3,"{'C': 0.01, 'solver': 'saga', 'penalty': 'l2', 'class_weight': 'balanced', 'random_state': 33, 'max_iter': 5000}",0.438839669655639,logistic_regression,MolE
4,"{'C': 0.1, 'solver': 'liblinear', 'penalty': 'l1', 'class_weight': 'balanced', 'random_state': 33, 'max_iter': 5000}",0.4149961442290987,logistic_regression,MolE
5,"{'C': 0.1, 'solver': 'liblinear', 'penalty': 'l2', 'class_weight': 'balanced', 'random_state': 33, 'max_iter': 5000}",0.3733466631079444,logistic_regression,MolE
6,"{'C': 0.1, 'solver': 'saga', 'penalty': 'l1', 'class_weight': 'balanced', 'random_state': 33, 'max_iter': 5000}",0.4386047724126651,logistic_regression,MolE
7,"{'C': 0.1, 'solver': 'saga', 'penalty': 'l2', 'class_weight': 'balanced', 'random_state': 33, 'max_iter': 5000}",0.4392743757341233,logistic_regression,MolE
8,"{'C': 1.0, 'solver': 'liblinear', 'penalty': 'l1', 'class_weight': 'balanced', 'random_state': 33, 'max_iter': 5000}",0.3658599367469524,logistic_regression,MolE
9,"{'C': 1.0, 'solver': 'liblinear', 'penalty': 'l2', 'class_weight': 'balanced', 'random_state': 33, 'max_iter': 5000}",0.3567438540444353,logistic_regression,MolE
10,"{'C': 1.0, 'solver': 'saga', 'penalty': 'l1', 'class_weight': 'balanced', 'random_state': 33, 'max_iter': 5000}",0.4384578994135369,logistic_regression,MolE
11,"{'C': 1.0, 'solver': 'saga', 'penalty': 'l2', 'class_weight': 'balanced', 'random_state': 33, 'max_iter': 5000}",0.4394104624505529,logistic_regression,MolE
12,"{'C': 10.0, 'solver': 'liblinear', 'penalty': 'l1', 'class_weight': 'balanced', 'random_state': 33, 'max_iter': 5000}",0.3592629792037528,logistic_regression,MolE
13,"{'C': 10.0, 'solver': 'liblinear', 'penalty': 'l2', 'class_weight': 'balanced', 'random_state': 33, 'max_iter': 5000}",0.352153541030681,logistic_regression,MolE
14,"{'C': 10.0, 'solver': 'saga', 'penalty': 'l1', 'class_weight': 'balanced', 'random_state': 33, 'max_iter': 5000}",0.439259195063245,logistic_regression,MolE
15,"{'C': 10.0, 'solver': 'saga', 'penalty': 'l2', 'class_weight': 'balanced', 'random_state': 33, 'max_iter': 5000}",0.4394104624505529,logistic_regression,MolE
0,"{'C': 0.01, 'solver': 'liblinear', 'penalty': 'l1', 'class_weight': 'balanced', 'random_state': 33, 'max_iter': 5000}",0.0618038135362093,logistic_regression,chemberta
1,"{'C': 0.01, 'solver': 'liblinear', 'penalty': 'l2', 'class_weight': 'balanced', 'random_state': 33, 'max_iter': 5000}",0.4253854039505428,logistic_regression,chemberta
2,"{'C': 0.01, 'solver': 'saga', 'penalty': 'l1', 'class_weight': 'balanced', 'random_state': 33, 'max_iter': 5000}",0.0684451848956691,logistic_regression,chemberta
3,"{'C': 0.01, 'solver': 'saga', 'penalty': 'l2', 'class_weight': 'balanced', 'random_state': 33, 'max_iter': 5000}",0.4149927078742668,logistic_regression,chemberta
4,"{'C': 0.1, 'solver': 'liblinear', 'penalty': 'l1', 'class_weight': 'balanced', 'random_state': 33, 'max_iter': 5000}",0.4250395587886488,logistic_regression,chemberta
5,"{'C': 0.1, 'solver': 'liblinear', 'penalty': 'l2', 'class_weight': 'balanced', 'random_state': 33, 'max_iter': 5000}",0.4289972924125939,logistic_regression,chemberta
6,"{'C': 0.1, 'solver': 'saga', 'penalty': 'l1', 'class_weight': 'balanced', 'random_state': 33, 'max_iter': 5000}",0.4105894454889318,logistic_regression,chemberta
7,"{'C': 0.1, 'solver': 'saga', 'penalty': 'l2', 'class_weight': 'balanced', 'random_state': 33, 'max_iter': 5000}",0.4176690796631692,logistic_regression,chemberta
8,"{'C': 1.0, 'solver': 'liblinear', 'penalty': 'l1', 'class_weight': 'balanced', 'random_state': 33, 'max_iter': 5000}",0.4263851339771414,logistic_regression,chemberta
9,"{'C': 1.0, 'solver': 'liblinear', 'penalty': 'l2', 'class_weight': 'balanced', 'random_state': 33, 'max_iter': 5000}",0.4248156781581396,logistic_regression,chemberta
10,"{'C': 1.0, 'solver': 'saga', 'penalty': 'l1', 'class_weight': 'balanced', 'random_state': 33, 'max_iter': 5000}",0.4236547380634835,logistic_regression,chemberta
11,"{'C': 1.0, 'solver': 'saga', 'penalty': 'l2', 'class_weight': 'balanced', 'random_state': 33, 'max_iter': 5000}",0.4188494900145898,logistic_regression,chemberta
12,"{'C': 10.0, 'solver': 'liblinear', 'penalty': 'l1', 'class_weight': 'balanced', 'random_state': 33, 'max_iter': 5000}",0.3795812588308057,logistic_regression,chemberta
13,"{'C': 10.0, 'solver': 'liblinear', 'penalty': 'l2', 'class_weight': 'balanced', 'random_state': 33, 'max_iter': 5000}",0.4055096371017634,logistic_regression,chemberta
14,"{'C': 10.0, 'solver': 'saga', 'penalty': 'l1', 'class_weight': 'balanced', 'random_state': 33, 'max_iter': 5000}",0.4011289773069038,logistic_regression,chemberta
15,"{'C': 10.0, 'solver': 'saga', 'penalty': 'l2', 'class_weight': 'balanced', 'random_state': 33, 'max_iter': 5000}",0.4080188657943144,logistic_regression,chemberta
0,"{'C': 0.01, 'solver': 'liblinear', 'penalty': 'l1', 'class_weight': 'balanced', 'random_state': 33, 'max_iter': 5000}",0.3255800851204841,logistic_regression,inchi
1,"{'C': 0.01, 'solver': 'liblinear', 'penalty': 'l2', 'class_weight': 'balanced', 'random_state': 33, 'max_iter': 5000}",0.4401618265415206,logistic_regression,inchi
2,"{'C': 0.01, 'solver': 'saga', 'penalty': 'l1', 'class_weight': 'balanced', 'random_state': 33, 'max_iter': 5000}",0.3317072324568308,logistic_regression,inchi
3,"{'C': 0.01, 'solver': 'saga', 'penalty': 'l2', 'class_weight': 'balanced', 'random_state': 33, 'max_iter': 5000}",0.4356838946635198,logistic_regression,inchi
4,"{'C': 0.1, 'solver': 'liblinear', 'penalty': 'l1', 'class_weight': 'balanced', 'random_state': 33, 'max_iter': 5000}",0.4350916602165711,logistic_regression,inchi
5,"{'C': 0.1, 'solver': 'liblinear', 'penalty': 'l2', 'class_weight': 'balanced', 'random_state': 33, 'max_iter': 5000}",0.4379127056047621,logistic_regression,inchi
6,"{'C': 0.1, 'solver': 'saga', 'penalty': 'l1', 'class_weight': 'balanced', 'random_state': 33, 'max_iter': 5000}",0.4363929797779042,logistic_regression,inchi
7,"{'C': 0.1, 'solver': 'saga', 'penalty': 'l2', 'class_weight': 'balanced', 'random_state': 33, 'max_iter': 5000}",0.4374681283459719,logistic_regression,inchi
8,"{'C': 1.0, 'solver': 'liblinear', 'penalty': 'l1', 'class_weight': 'balanced', 'random_state': 33, 'max_iter': 5000}",0.4273204672604235,logistic_regression,inchi
9,"{'C': 1.0, 'solver': 'liblinear', 'penalty': 'l2', 'class_weight': 'balanced', 'random_state': 33, 'max_iter': 5000}",0.4306194659817475,logistic_regression,inchi
10,"{'C': 1.0, 'solver': 'saga', 'penalty': 'l1', 'class_weight': 'balanced', 'random_state': 33, 'max_iter': 5000}",0.4257661724294153,logistic_regression,inchi
11,"{'C': 1.0, 'solver': 'saga', 'penalty': 'l2', 'class_weight': 'balanced', 'random_state': 33, 'max_iter': 5000}",0.4294285227146047,logistic_regression,inchi
12,"{'C': 10.0, 'solver': 'liblinear', 'penalty': 'l1', 'class_weight': 'balanced', 'random_state': 33, 'max_iter': 5000}",0.3884868305063541,logistic_regression,inchi
13,"{'C': 10.0, 'solver': 'liblinear', 'penalty': 'l2', 'class_weight': 'balanced', 'random_state': 33, 'max_iter': 5000}",0.4146916727130978,logistic_regression,inchi
14,"{'C': 10.0, 'solver': 'saga', 'penalty': 'l1', 'class_weight': 'balanced', 'random_state': 33, 'max_iter': 5000}",0.3992249790563781,logistic_regression,inchi
15,"{'C': 10.0, 'solver': 'saga', 'penalty': 'l2', 'class_weight': 'balanced', 'random_state': 33, 'max_iter': 5000}",0.4149018658262315,logistic_regression,inchi
0,"{'n_estimators': 200, 'max_depth': 12, 'min_samples_split': 3, 'max_features': 'sqrt', 'class_weight': 'balanced', 'random_state': 33, 'n_jobs': 1}",0.4766621026046184,random_forest,morgan
1,"{'n_estimators': 200, 'max_depth': 12, 'min_samples_split': 3, 'max_features': 'log2', 'class_weight': 'balanced', 'random_state': 33, 'n_jobs': 1}",0.458544913782411,random_forest,morgan
2,"{'n_estimators': 200, 'max_depth': 12, 'min_samples_split': 5, 'max_features': 'sqrt', 'class_weight': 'balanced', 'random_state': 33, 'n_jobs': 1}",0.4732709837205801,random_forest,morgan
3,"{'n_estimators': 200, 'max_depth': 12, 'min_samples_split': 5, 'max_features': 'log2', 'class_weight': 'balanced', 'random_state': 33, 'n_jobs': 1}",0.458262890621241,random_forest,morgan
4,"{'n_estimators': 200, 'max_depth': 20, 'min_samples_split': 3, 'max_features': 'sqrt', 'class_weight': 'balanced', 'random_state': 33, 'n_jobs': 1}",0.4770075119998404,random_forest,morgan
5,"{'n_estimators': 200, 'max_depth': 20, 'min_samples_split': 3, 'max_features': 'log2', 'class_weight': 'balanced', 'random_state': 33, 'n_jobs': 1}",0.471936014263186,random_forest,morgan
6,"{'n_estimators': 200, 'max_depth': 20, 'min_samples_split': 5, 'max_features': 'sqrt', 'class_weight': 'balanced', 'random_state': 33, 'n_jobs': 1}",0.4786619739028402,random_forest,morgan
7,"{'n_estimators': 200, 'max_depth': 20, 'min_samples_split': 5, 'max_features': 'log2', 'class_weight': 'balanced', 'random_state': 33, 'n_jobs': 1}",0.4680406088614599,random_forest,morgan
8,"{'n_estimators': 300, 'max_depth': 12, 'min_samples_split': 3, 'max_features': 'sqrt', 'class_weight': 'balanced', 'random_state': 33, 'n_jobs': 1}",0.4753267539904769,random_forest,morgan
9,"{'n_estimators': 300, 'max_depth': 12, 'min_samples_split': 3, 'max_features': 'log2', 'class_weight': 'balanced', 'random_state': 33, 'n_jobs': 1}",0.4538724292148124,random_forest,morgan
10,"{'n_estimators': 300, 'max_depth': 12, 'min_samples_split': 5, 'max_features': 'sqrt', 'class_weight': 'balanced', 'random_state': 33, 'n_jobs': 1}",0.4734543113239867,random_forest,morgan
11,"{'n_estimators': 300, 'max_depth': 12, 'min_samples_split': 5, 'max_features': 'log2', 'class_weight': 'balanced', 'random_state': 33, 'n_jobs': 1}",0.4605260717413307,random_forest,morgan
12,"{'n_estimators': 300, 'max_depth': 20, 'min_samples_split': 3, 'max_features': 'sqrt', 'class_weight': 'balanced', 'random_state': 33, 'n_jobs': 1}",0.4767538717003839,random_forest,morgan
13,"{'n_estimators': 300, 'max_depth': 20, 'min_samples_split': 3, 'max_features': 'log2', 'class_weight': 'balanced', 'random_state': 33, 'n_jobs': 1}",0.4705576403654439,random_forest,morgan
14,"{'n_estimators': 300, 'max_depth': 20, 'min_samples_split': 5, 'max_features': 'sqrt', 'class_weight': 'balanced', 'random_state': 33, 'n_jobs': 1}",0.4782646115747458,random_forest,morgan
15,"{'n_estimators': 300, 'max_depth': 20, 'min_samples_split': 5, 'max_features': 'log2', 'class_weight': 'balanced', 'random_state': 33, 'n_jobs': 1}",0.4754886476021777,random_forest,morgan
0,"{'n_estimators': 200, 'max_depth': 12, 'min_samples_split': 3, 'max_features': 'sqrt', 'class_weight': 'balanced', 'random_state': 33, 'n_jobs': 1}",0.4567323992718884,random_forest,MolE
1,"{'n_estimators': 200, 'max_depth': 12, 'min_samples_split': 3, 'max_features': 'log2', 'class_weight': 'balanced', 'random_state': 33, 'n_jobs': 1}",0.458314264542552,random_forest,MolE
2,"{'n_estimators': 200, 'max_depth': 12, 'min_samples_split': 5, 'max_features': 'sqrt', 'class_weight': 'balanced', 'random_state': 33, 'n_jobs': 1}",0.4598312091849389,random_forest,MolE
3,"{'n_estimators': 200, 'max_depth': 12, 'min_samples_split': 5, 'max_features': 'log2', 'class_weight': 'balanced', 'random_state': 33, 'n_jobs': 1}",0.4579299782553831,random_forest,MolE
4,"{'n_estimators': 200, 'max_depth': 20, 'min_samples_split': 3, 'max_features': 'sqrt', 'class_weight': 'balanced', 'random_state': 33, 'n_jobs': 1}",0.4547902773849973,random_forest,MolE
5,"{'n_estimators': 200, 'max_depth': 20, 'min_samples_split': 3, 'max_features': 'log2', 'class_weight': 'balanced', 'random_state': 33, 'n_jobs': 1}",0.4587903707760494,random_forest,MolE
6,"{'n_estimators': 200, 'max_depth': 20, 'min_samples_split': 5, 'max_features': 'sqrt', 'class_weight': 'balanced', 'random_state': 33, 'n_jobs': 1}",0.4526285869809276,random_forest,MolE
7,"{'n_estimators': 200, 'max_depth': 20, 'min_samples_split': 5, 'max_features': 'log2', 'class_weight': 'balanced', 'random_state': 33, 'n_jobs': 1}",0.46031705002169,random_forest,MolE
8,"{'n_estimators': 300, 'max_depth': 12, 'min_samples_split': 3, 'max_features': 'sqrt', 'class_weight': 'balanced', 'random_state': 33, 'n_jobs': 1}",0.4557051622760285,random_forest,MolE
9,"{'n_estimators': 300, 'max_depth': 12, 'min_samples_split': 3, 'max_features': 'log2', 'class_weight': 'balanced', 'random_state': 33, 'n_jobs': 1}",0.4617270485111012,random_forest,MolE
10,"{'n_estimators': 300, 'max_depth': 12, 'min_samples_split': 5, 'max_features': 'sqrt', 'class_weight': 'balanced', 'random_state': 33, 'n_jobs': 1}",0.4604938834286978,random_forest,MolE
11,"{'n_estimators': 300, 'max_depth': 12, 'min_samples_split': 5, 'max_features': 'log2', 'class_weight': 'balanced', 'random_state': 33, 'n_jobs': 1}",0.4625319195403973,random_forest,MolE
12,"{'n_estimators': 300, 'max_depth': 20, 'min_samples_split': 3, 'max_features': 'sqrt', 'class_weight': 'balanced', 'random_state': 33, 'n_jobs': 1}",0.4543582126987975,random_forest,MolE
13,"{'n_estimators': 300, 'max_depth': 20, 'min_samples_split': 3, 'max_features': 'log2', 'class_weight': 'balanced', 'random_state': 33, 'n_jobs': 1}",0.4592151408777934,random_forest,MolE
14,"{'n_estimators': 300, 'max_depth': 20, 'min_samples_split': 5, 'max_features': 'sqrt', 'class_weight': 'balanced', 'random_state': 33, 'n_jobs': 1}",0.4533496338131079,random_forest,MolE
15,"{'n_estimators': 300, 'max_depth': 20, 'min_samples_split': 5, 'max_features': 'log2', 'class_weight': 'balanced', 'random_state': 33, 'n_jobs': 1}",0.4649868098290207,random_forest,MolE
0,"{'n_estimators': 200, 'max_depth': 12, 'min_samples_split': 3, 'max_features': 'sqrt', 'class_weight': 'balanced', 'random_state': 33, 'n_jobs': 1}",0.4374417976876569,random_forest,chemberta
1,"{'n_estimators': 200, 'max_depth': 12, 'min_samples_split': 3, 'max_features': 'log2', 'class_weight': 'balanced', 'random_state': 33, 'n_jobs': 1}",0.4394479089094915,random_forest,chemberta
2,"{'n_estimators': 200, 'max_depth': 12, 'min_samples_split': 5, 'max_features': 'sqrt', 'class_weight': 'balanced', 'random_state': 33, 'n_jobs': 1}",0.4374872838040207,random_forest,chemberta
3,"{'n_estimators': 200, 'max_depth': 12, 'min_samples_split': 5, 'max_features': 'log2', 'class_weight': 'balanced', 'random_state': 33, 'n_jobs': 1}",0.4426075136579795,random_forest,chemberta
4,"{'n_estimators': 200, 'max_depth': 20, 'min_samples_split': 3, 'max_features': 'sqrt', 'class_weight': 'balanced', 'random_state': 33, 'n_jobs': 1}",0.4258323313862248,random_forest,chemberta
5,"{'n_estimators': 200, 'max_depth': 20, 'min_samples_split': 3, 'max_features': 'log2', 'class_weight': 'balanced', 'random_state': 33, 'n_jobs': 1}",0.4334576784109324,random_forest,chemberta
6,"{'n_estimators': 200, 'max_depth': 20, 'min_samples_split': 5, 'max_features': 'sqrt', 'class_weight': 'balanced', 'random_state': 33, 'n_jobs': 1}",0.4310955714812752,random_forest,chemberta
7,"{'n_estimators': 200, 'max_depth': 20, 'min_samples_split': 5, 'max_features': 'log2', 'class_weight': 'balanced', 'random_state': 33, 'n_jobs': 1}",0.4346602844795593,random_forest,chemberta
8,"{'n_estimators': 300, 'max_depth': 12, 'min_samples_split': 3, 'max_features': 'sqrt', 'class_weight': 'balanced', 'random_state': 33, 'n_jobs': 1}",0.4361540703281545,random_forest,chemberta
9,"{'n_estimators': 300, 'max_depth': 12, 'min_samples_split': 3, 'max_features': 'log2', 'class_weight': 'balanced', 'random_state': 33, 'n_jobs': 1}",0.4431489301689577,random_forest,chemberta
10,"{'n_estimators': 300, 'max_depth': 12, 'min_samples_split': 5, 'max_features': 'sqrt', 'class_weight': 'balanced', 'random_state': 33, 'n_jobs': 1}",0.4382730646154952,random_forest,chemberta
11,"{'n_estimators': 300, 'max_depth': 12, 'min_samples_split': 5, 'max_features': 'log2', 'class_weight': 'balanced', 'random_state': 33, 'n_jobs': 1}",0.4432610598576191,random_forest,chemberta
12,"{'n_estimators': 300, 'max_depth': 20, 'min_samples_split': 3, 'max_features': 'sqrt', 'class_weight': 'balanced', 'random_state': 33, 'n_jobs': 1}",0.4262665503559129,random_forest,chemberta
13,"{'n_estimators': 300, 'max_depth': 20, 'min_samples_split': 3, 'max_features': 'log2', 'class_weight': 'balanced', 'random_state': 33, 'n_jobs': 1}",0.434211302361382,random_forest,chemberta
14,"{'n_estimators': 300, 'max_depth': 20, 'min_samples_split': 5, 'max_features': 'sqrt', 'class_weight': 'balanced', 'random_state': 33, 'n_jobs': 1}",0.4298006353841772,random_forest,chemberta
15,"{'n_estimators': 300, 'max_depth': 20, 'min_samples_split': 5, 'max_features': 'log2', 'class_weight': 'balanced', 'random_state': 33, 'n_jobs': 1}",0.439262129712523,random_forest,chemberta
0,"{'n_estimators': 200, 'max_depth': 12, 'min_samples_split': 3, 'max_features': 'sqrt', 'class_weight': 'balanced', 'random_state': 33, 'n_jobs': 1}",0.4473722464012808,random_forest,inchi
1,"{'n_estimators': 200, 'max_depth': 12, 'min_samples_split': 3, 'max_features': 'log2', 'class_weight': 'balanced', 'random_state': 33, 'n_jobs': 1}",0.4501801035612607,random_forest,inchi
2,"{'n_estimators': 200, 'max_depth': 12, 'min_samples_split': 5, 'max_features': 'sqrt', 'class_weight': 'balanced', 'random_state': 33, 'n_jobs': 1}",0.4469603479796267,random_forest,inchi
3,"{'n_estimators': 200, 'max_depth': 12, 'min_samples_split': 5, 'max_features': 'log2', 'class_weight': 'balanced', 'random_state': 33, 'n_jobs': 1}",0.4459199857614036,random_forest,inchi
4,"{'n_estimators': 200, 'max_depth': 20, 'min_samples_split': 3, 'max_features': 'sqrt', 'class_weight': 'balanced', 'random_state': 33, 'n_jobs': 1}",0.4482951214320499,random_forest,inchi
5,"{'n_estimators': 200, 'max_depth': 20, 'min_samples_split': 3, 'max_features': 'log2', 'class_weight': 'balanced', 'random_state': 33, 'n_jobs': 1}",0.4454262066997762,random_forest,inchi
6,"{'n_estimators': 200, 'max_depth': 20, 'min_samples_split': 5, 'max_features': 'sqrt', 'class_weight': 'balanced', 'random_state': 33, 'n_jobs': 1}",0.4457399966481523,random_forest,inchi
7,"{'n_estimators': 200, 'max_depth': 20, 'min_samples_split': 5, 'max_features': 'log2', 'class_weight': 'balanced', 'random_state': 33, 'n_jobs': 1}",0.4420409920774247,random_forest,inchi
8,"{'n_estimators': 300, 'max_depth': 12, 'min_samples_split': 3, 'max_features': 'sqrt', 'class_weight': 'balanced', 'random_state': 33, 'n_jobs': 1}",0.4499783278238981,random_forest,inchi
9,"{'n_estimators': 300, 'max_depth': 12, 'min_samples_split': 3, 'max_features': 'log2', 'class_weight': 'balanced', 'random_state': 33, 'n_jobs': 1}",0.4512830378986629,random_forest,inchi
10,"{'n_estimators': 300, 'max_depth': 12, 'min_samples_split': 5, 'max_features': 'sqrt', 'class_weight': 'balanced', 'random_state': 33, 'n_jobs': 1}",0.4485124540777964,random_forest,inchi
11,"{'n_estimators': 300, 'max_depth': 12, 'min_samples_split': 5, 'max_features': 'log2', 'class_weight': 'balanced', 'random_state': 33, 'n_jobs': 1}",0.4475125062832769,random_forest,inchi
12,"{'n_estimators': 300, 'max_depth': 20, 'min_samples_split': 3, 'max_features': 'sqrt', 'class_weight': 'balanced', 'random_state': 33, 'n_jobs': 1}",0.4446173852265644,random_forest,inchi
13,"{'n_estimators': 300, 'max_depth': 20, 'min_samples_split': 3, 'max_features': 'log2', 'class_weight': 'balanced', 'random_state': 33, 'n_jobs': 1}",0.445164865820866,random_forest,inchi
14,"{'n_estimators': 300, 'max_depth': 20, 'min_samples_split': 5, 'max_features': 'sqrt', 'class_weight': 'balanced', 'random_state': 33, 'n_jobs': 1}",0.4433824108440046,random_forest,inchi
15,"{'n_estimators': 300, 'max_depth': 20, 'min_samples_split': 5, 'max_features': 'log2', 'class_weight': 'balanced', 'random_state': 33, 'n_jobs': 1}",0.4443617472109946,random_forest,inchi
0,"{'learning_rate': 0.05, 'max_depth': 6, 'n_estimators': 100}",0.4686902507912102,xgboost,morgan
1,"{'learning_rate': 0.05, 'max_depth': 6, 'n_estimators': 200}",0.4648437531036759,xgboost,morgan
2,"{'learning_rate': 0.05, 'max_depth': 6, 'n_estimators': 300}",0.4654751504462745,xgboost,morgan
3,"{'learning_rate': 0.05, 'max_depth': 9, 'n_estimators': 100}",0.4656471668015319,xgboost,morgan
4,"{'learning_rate': 0.05, 'max_depth': 9, 'n_estimators': 200}",0.4661989200872481,xgboost,morgan
5,"{'learning_rate': 0.05, 'max_depth': 9, 'n_estimators': 300}",0.4625104543679235,xgboost,morgan
6,"{'learning_rate': 0.1, 'max_depth': 6, 'n_estimators': 100}",0.4649289308864221,xgboost,morgan
7,"{'learning_rate': 0.1, 'max_depth': 6, 'n_estimators': 200}",0.4659281883981766,xgboost,morgan
8,"{'learning_rate': 0.1, 'max_depth': 6, 'n_estimators': 300}",0.4546740956777484,xgboost,morgan
9,"{'learning_rate': 0.1, 'max_depth': 9, 'n_estimators': 100}",0.4666181573243135,xgboost,morgan
10,"{'learning_rate': 0.1, 'max_depth': 9, 'n_estimators': 200}",0.4634868508626812,xgboost,morgan
11,"{'learning_rate': 0.1, 'max_depth': 9, 'n_estimators': 300}",0.4546635408846262,xgboost,morgan
12,"{'learning_rate': 0.2, 'max_depth': 6, 'n_estimators': 100}",0.4587130627721709,xgboost,morgan
13,"{'learning_rate': 0.2, 'max_depth': 6, 'n_estimators': 200}",0.4448877825129086,xgboost,morgan
14,"{'learning_rate': 0.2, 'max_depth': 6, 'n_estimators': 300}",0.4433719599122045,xgboost,morgan
15,"{'learning_rate': 0.2, 'max_depth': 9, 'n_estimators': 100}",0.4566815045564175,xgboost,morgan
16,"{'learning_rate': 0.2, 'max_depth': 9, 'n_estimators': 200}",0.4486493595526994,xgboost,morgan
17,"{'learning_rate': 0.2, 'max_depth': 9, 'n_estimators': 300}",0.4446793851129058,xgboost,morgan
0,"{'learning_rate': 0.05, 'max_depth': 6, 'n_estimators': 100}",0.452123238587073,xgboost,MolE
1,"{'learning_rate': 0.05, 'max_depth': 6, 'n_estimators': 200}",0.4581179650773589,xgboost,MolE
2,"{'learning_rate': 0.05, 'max_depth': 6, 'n_estimators': 300}",0.4581318319477186,xgboost,MolE
3,"{'learning_rate': 0.05, 'max_depth': 9, 'n_estimators': 100}",0.4566135520541723,xgboost,MolE
4,"{'learning_rate': 0.05, 'max_depth': 9, 'n_estimators': 200}",0.455875822552942,xgboost,MolE
5,"{'learning_rate': 0.05, 'max_depth': 9, 'n_estimators': 300}",0.4546475057007161,xgboost,MolE
6,"{'learning_rate': 0.1, 'max_depth': 6, 'n_estimators': 100}",0.4567815469764591,xgboost,MolE
7,"{'learning_rate': 0.1, 'max_depth': 6, 'n_estimators': 200}",0.4557956832047903,xgboost,MolE
8,"{'learning_rate': 0.1, 'max_depth': 6, 'n_estimators': 300}",0.4566463140183778,xgboost,MolE
9,"{'learning_rate': 0.1, 'max_depth': 9, 'n_estimators': 100}",0.4546996284210386,xgboost,MolE
10,"{'learning_rate': 0.1, 'max_depth': 9, 'n_estimators': 200}",0.4552643817329982,xgboost,MolE
11,"{'learning_rate': 0.1, 'max_depth': 9, 'n_estimators': 300}",0.4567014257571298,xgboost,MolE
12,"{'learning_rate': 0.2, 'max_depth': 6, 'n_estimators': 100}",0.4439367090010992,xgboost,MolE
13,"{'learning_rate': 0.2, 'max_depth': 6, 'n_estimators': 200}",0.4462990253798187,xgboost,MolE
14,"{'learning_rate': 0.2, 'max_depth': 6, 'n_estimators': 300}",0.4448706039909484,xgboost,MolE
15,"{'learning_rate': 0.2, 'max_depth': 9, 'n_estimators': 100}",0.4489966615402272,xgboost,MolE
16,"{'learning_rate': 0.2, 'max_depth': 9, 'n_estimators': 200}",0.4511838066902397,xgboost,MolE
17,"{'learning_rate': 0.2, 'max_depth': 9, 'n_estimators': 300}",0.4518202755437076,xgboost,MolE
0,"{'learning_rate': 0.05, 'max_depth': 6, 'n_estimators': 100}",0.4167193667577937,xgboost,chemberta
1,"{'learning_rate': 0.05, 'max_depth': 6, 'n_estimators': 200}",0.3989055516760524,xgboost,chemberta
2,"{'learning_rate': 0.05, 'max_depth': 6, 'n_estimators': 300}",0.3861530402146267,xgboost,chemberta
3,"{'learning_rate': 0.05, 'max_depth': 9, 'n_estimators': 100}",0.4076717584700058,xgboost,chemberta
4,"{'learning_rate': 0.05, 'max_depth': 9, 'n_estimators': 200}",0.3913688488817064,xgboost,chemberta
5,"{'learning_rate': 0.05, 'max_depth': 9, 'n_estimators': 300}",0.3807796595030653,xgboost,chemberta
6,"{'learning_rate': 0.1, 'max_depth': 6, 'n_estimators': 100}",0.3982090664235794,xgboost,chemberta
7,"{'learning_rate': 0.1, 'max_depth': 6, 'n_estimators': 200}",0.3817487835952465,xgboost,chemberta
8,"{'learning_rate': 0.1, 'max_depth': 6, 'n_estimators': 300}",0.3778254735294076,xgboost,chemberta
9,"{'learning_rate': 0.1, 'max_depth': 9, 'n_estimators': 100}",0.3884337339423019,xgboost,chemberta
10,"{'learning_rate': 0.1, 'max_depth': 9, 'n_estimators': 200}",0.378557119989686,xgboost,chemberta
11,"{'learning_rate': 0.1, 'max_depth': 9, 'n_estimators': 300}",0.3705976576529874,xgboost,chemberta
12,"{'learning_rate': 0.2, 'max_depth': 6, 'n_estimators': 100}",0.3785955261936814,xgboost,chemberta
13,"{'learning_rate': 0.2, 'max_depth': 6, 'n_estimators': 200}",0.3708504278314902,xgboost,chemberta
14,"{'learning_rate': 0.2, 'max_depth': 6, 'n_estimators': 300}",0.3687195344503547,xgboost,chemberta
15,"{'learning_rate': 0.2, 'max_depth': 9, 'n_estimators': 100}",0.3728176519338181,xgboost,chemberta
16,"{'learning_rate': 0.2, 'max_depth': 9, 'n_estimators': 200}",0.3716279139612043,xgboost,chemberta
17,"{'learning_rate': 0.2, 'max_depth': 9, 'n_estimators': 300}",0.3664317592898253,xgboost,chemberta
0,"{'learning_rate': 0.05, 'max_depth': 6, 'n_estimators': 100}",0.4320277207872672,xgboost,inchi
1,"{'learning_rate': 0.05, 'max_depth': 6, 'n_estimators': 200}",0.4170816888854841,xgboost,inchi
2,"{'learning_rate': 0.05, 'max_depth': 6, 'n_estimators': 300}",0.4143200732399235,xgboost,inchi
3,"{'learning_rate': 0.05, 'max_depth': 9, 'n_estimators': 100}",0.4250010498976308,xgboost,inchi
4,"{'learning_rate': 0.05, 'max_depth': 9, 'n_estimators': 200}",0.4214132508796142,xgboost,inchi
5,"{'learning_rate': 0.05, 'max_depth': 9, 'n_estimators': 300}",0.4181058254306749,xgboost,inchi
6,"{'learning_rate': 0.1, 'max_depth': 6, 'n_estimators': 100}",0.4184099011542814,xgboost,inchi
7,"{'learning_rate': 0.1, 'max_depth': 6, 'n_estimators': 200}",0.4146623913477585,xgboost,inchi
8,"{'learning_rate': 0.1, 'max_depth': 6, 'n_estimators': 300}",0.4138767937072257,xgboost,inchi
9,"{'learning_rate': 0.1, 'max_depth': 9, 'n_estimators': 100}",0.4111255718280139,xgboost,inchi
10,"{'learning_rate': 0.1, 'max_depth': 9, 'n_estimators': 200}",0.4111530206578508,xgboost,inchi
11,"{'learning_rate': 0.1, 'max_depth': 9, 'n_estimators': 300}",0.4096963524105946,xgboost,inchi
12,"{'learning_rate': 0.2, 'max_depth': 6, 'n_estimators': 100}",0.4103880817099105,xgboost,inchi
13,"{'learning_rate': 0.2, 'max_depth': 6, 'n_estimators': 200}",0.4040811393711575,xgboost,inchi
14,"{'learning_rate': 0.2, 'max_depth': 6, 'n_estimators': 300}",0.4077806939430127,xgboost,inchi
15,"{'learning_rate': 0.2, 'max_depth': 9, 'n_estimators': 100}",0.4140207564746426,xgboost,inchi
16,"{'learning_rate': 0.2, 'max_depth': 9, 'n_estimators': 200}",0.4134926788883741,xgboost,inchi
17,"{'learning_rate': 0.2, 'max_depth': 9, 'n_estimators': 300}",0.4085451483537108,xgboost,inchi
